,Used it for,Ridden for,rating,Visual Appeal,Reliability,Performance,Service Experience,Comfort,Model Name
1,Everything,5000,1,3.0,1.0,2.0,1.0,3.0,TVS iQube
2,Daily Commute,5000,3,4.0,4.0,4.0,2.0,5.0,TVS iQube
3,Daily Commute,7500,1,1.0,1.0,1.0,1.0,1.0,TVS iQube
4,Daily Commute,5000,1,3.0,4.0,3.0,1.0,3.0,TVS iQube
5,Daily Commute,7500,1,5.0,1.0,3.0,1.0,5.0,TVS iQube
6,Occasional Commute,5000,3,3.0,2.0,2.0,2.0,4.0,TVS iQube
7,Daily Commute,5000,1,3.0,1.0,2.0,1.0,2.0,TVS iQube
8,Daily Commute,5000,3,3.0,3.0,3.0,3.0,4.0,TVS iQube
9,Daily Commute,5000,2,5.0,3.0,4.0,1.0,4.0,TVS iQube
10,Daily Commute,5000,5,5.0,5.0,5.0,5.0,5.0,TVS iQube
14,Daily Commute,5000,2,2.0,1.0,1.0,2.0,1.0,TVS iQube
16,Daily Commute,5000,1,4.0,2.0,3.0,1.0,4.0,TVS iQube
18,Everything,5000,5,5.0,5.0,5.0,5.0,5.0,Revolt RV 400
19,Everything,5000,5,4.0,4.0,5.0,3.0,4.0,Revolt RV 400
21,Daily Commute,7500,1,2.0,1.0,1.0,2.0,3.0,Revolt RV 400
24,Daily Commute,5000,5,5.0,5.0,5.0,5.0,5.0,Revolt RV 400
27,Daily Commute,7500,4,4.0,5.0,4.0,3.0,4.0,Revolt RV 400
31,Everything,5000,5,5.0,5.0,5.0,5.0,5.0,Revolt RV 400
32,Daily Commute,5000,1,1.0,1.0,1.0,1.0,1.0,Revolt RV 400
34,Everything,5000,5,5.0,4.0,4.0,5.0,4.0,Revolt RV 400
36,Daily Commute,5000,2,2.0,2.0,2.0,2.0,2.0,Revolt RV 400
39,Daily Commute,5000,1,1.0,1.0,1.0,1.0,1.0,Revolt RV 400
40,Daily Commute,5000,4,4.0,3.0,3.0,4.0,4.0,Revolt RV 400
42,Daily Commute,5000,4,5.0,4.0,4.0,4.0,4.0,Revolt RV 400
43,Daily Commute,5000,4,5.0,3.0,4.0,3.0,4.0,Revolt RV 400
48,Everything,5000,4,4.0,4.0,4.0,4.0,4.0,Revolt RV 400
49,Everything,5000,4,4.0,4.0,5.0,4.0,4.0,Revolt RV 400
50,Daily Commute,7500,5,5.0,4.0,4.0,4.0,5.0,Revolt RV 400
51,Everything,5000,5,5.0,5.0,5.0,5.0,5.0,Revolt RV 400
55,Daily Commute,5000,4,4.0,4.0,4.0,3.0,4.0,Revolt RV 400
57,Daily Commute,7500,4,3.0,3.0,4.0,4.0,3.0,Revolt RV 400
63,Daily Commute,5000,3,4.0,3.0,4.0,3.0,3.0,Revolt RV 400
64,Daily Commute,5000,1,1.0,1.0,1.0,1.0,1.0,Revolt RV 400
66,Daily Commute,7500,1,2.0,1.0,1.0,1.0,2.0,Revolt RV 400
68,Daily Commute,12500,2,4.0,3.0,3.0,1.0,3.0,Revolt RV 400
70,Everything,5000,5,5.0,5.0,5.0,5.0,5.0,Bajaj Chetak
71,Everything,5000,4,3.0,4.0,3.0,4.0,4.0,Bajaj Chetak
74,Occasional Commute,5000,5,5.0,5.0,5.0,5.0,5.0,Bajaj Chetak
75,Daily Commute,5000,5,5.0,5.0,5.0,5.0,5.0,Bajaj Chetak
76,Daily Commute,5000,5,5.0,5.0,5.0,5.0,5.0,Bajaj Chetak
79,Daily Commute,12500,5,5.0,5.0,5.0,5.0,5.0,Bajaj Chetak
80,Everything,5000,5,3.0,5.0,5.0,4.0,5.0,Bajaj Chetak
81,Daily Commute,7500,1,4.0,1.0,1.0,2.0,1.0,Bajaj Chetak
82,Daily Commute,5000,1,5.0,1.0,1.0,1.0,2.0,Bajaj Chetak
85,Daily Commute,5000,1,2.0,1.0,2.0,1.0,3.0,OLA S1 Pro
86,Daily Commute,5000,4,5.0,4.0,5.0,4.0,4.0,OLA S1 Pro
87,Daily Commute,5000,1,1.0,1.0,1.0,1.0,1.0,OLA S1 Pro
88,Everything,5000,5,5.0,4.0,4.0,5.0,4.0,OLA S1 Pro
89,Occasional Commute,5000,3,4.0,2.0,4.0,4.0,4.0,OLA S1 Pro
90,Everything,5000,5,5.0,5.0,5.0,5.0,5.0,OLA S1 Pro
91,Daily Commute,7500,5,5.0,5.0,5.0,3.0,5.0,OLA S1 Pro
92,Daily Commute,5000,5,5.0,5.0,5.0,3.0,5.0,OLA S1 Pro
93,Daily Commute,5000,1,1.0,1.0,1.0,1.0,1.0,OLA S1 Pro
94,Daily Commute,5000,5,5.0,5.0,5.0,4.0,4.0,OLA S1 Pro
95,Daily Commute,5000,5,5.0,4.0,5.0,4.0,4.0,OLA S1 Pro
96,Daily Commute,5000,4,5.0,4.0,5.0,4.0,5.0,OLA S1 Pro
97,Daily Commute,5000,5,4.0,4.0,5.0,3.0,5.0,OLA S1 Pro
98,Daily Commute,5000,5,5.0,5.0,5.0,5.0,5.0,OLA S1 Pro
102,Daily Commute,5000,1,3.0,1.0,3.0,1.0,1.0,OLA S1 Pro
103,Occasional Commute,5000,4,5.0,5.0,5.0,3.0,4.0,OLA S1 Pro
105,Everything,7500,5,5.0,5.0,5.0,5.0,5.0,OLA S1 Pro
106,Daily Commute,5000,4,4.0,4.0,5.0,3.0,5.0,OLA S1 Pro
107,Daily Commute,5000,1,4.0,1.0,4.0,2.0,4.0,OLA S1 Pro
108,Daily Commute,5000,1,4.0,1.0,3.0,1.0,4.0,OLA S1 Pro
109,Leisure Rides,5000,5,5.0,4.0,5.0,5.0,5.0,OLA S1 Pro
110,Daily Commute,5000,4,5.0,3.0,5.0,2.0,4.0,OLA S1 Pro
111,Everything,5000,2,3.0,2.0,3.0,2.0,3.0,OLA S1 Pro
113,Everything,5000,5,5.0,5.0,5.0,4.0,5.0,Ather 450X
114,Everything,5000,5,4.0,4.0,4.0,5.0,5.0,Ather 450X
115,Daily Commute,5000,5,5.0,5.0,5.0,5.0,5.0,Ather 450X
116,Daily Commute,7500,1,3.0,2.0,4.0,1.0,1.0,Ather 450X
118,Daily Commute,5000,5,5.0,5.0,5.0,5.0,5.0,Ather 450X
120,Daily Commute,5000,5,5.0,5.0,5.0,5.0,5.0,Ather 450X
121,Daily Commute,5000,5,4.0,5.0,5.0,5.0,5.0,Ather 450X
122,Daily Commute,7500,5,5.0,5.0,5.0,5.0,5.0,Ather 450X
123,Daily Commute,5000,5,5.0,5.0,5.0,5.0,5.0,Ather 450X
124,Everything,5000,5,5.0,5.0,5.0,5.0,5.0,Ather 450X
125,Daily Commute,5000,1,3.0,2.0,3.0,1.0,2.0,Ather 450X
126,Daily Commute,5000,5,5.0,5.0,5.0,3.0,5.0,Ather 450X
127,Daily Commute,5000,5,5.0,4.0,5.0,2.0,3.0,Ather 450X
129,Everything,5000,4,5.0,5.0,4.0,5.0,5.0,Ather 450X
130,Daily Commute,5000,5,5.0,4.0,5.0,5.0,5.0,Ather 450X
131,Daily Commute,5000,1,1.0,1.0,1.0,1.0,1.0,Ather 450X
132,Daily Commute,5000,1,2.0,2.0,4.0,3.0,4.0,Ather 450X
133,Daily Commute,5000,1,1.0,1.0,1.0,1.0,1.0,Ather 450X
134,Daily Commute,5000,1,2.0,1.0,3.0,1.0,1.0,Ather 450X
136,Occasional Commute,5000,2,4.0,3.0,3.0,3.0,2.0,Ather 450X
137,Daily Commute,5000,5,5.0,5.0,5.0,4.0,4.0,Ather 450X
138,Daily Commute,5000,5,4.0,4.0,4.0,5.0,4.0,Ather 450X
139,Daily Commute,5000,5,4.0,4.0,4.0,3.0,4.0,Ather 450X
140,Daily Commute,5000,5,5.0,5.0,5.0,5.0,5.0,Ather 450X
141,Daily Commute,7500,5,5.0,5.0,5.0,5.0,4.0,Ather 450X
142,Occasional Commute,5000,1,1.0,1.0,1.0,1.0,1.0,Hero Electric Optima
143,Daily Commute,7500,1,1.0,1.0,1.0,1.0,2.0,Hero Electric Optima
144,Daily Commute,12500,1,1.0,1.0,1.0,1.0,1.0,Hero Electric Optima
145,Daily Commute,5000,3,4.0,2.0,3.0,1.0,4.0,Hero Electric Optima
146,Daily Commute,5000,5,5.0,4.0,4.0,4.0,5.0,Hero Electric Optima
147,Daily Commute,5000,3,4.0,3.0,3.0,3.0,3.0,Hero Electric Optima
150,Daily Commute,7500,3,5.0,3.0,4.0,3.0,4.0,Hero Electric Optima
151,Daily Commute,5000,1,3.0,1.0,2.0,4.0,3.0,Hero Electric Optima
152,Daily Commute,5000,5,5.0,5.0,5.0,4.0,4.0,Hero Electric Optima
153,Daily Commute,12500,1,3.0,1.0,2.0,1.0,3.0,Hero Electric Optima
154,Tours,5000,1,3.0,1.0,2.0,1.0,2.0,Hero Electric Optima
155,Everything,7500,5,5.0,5.0,5.0,5.0,5.0,Hero Electric Optima
156,Daily Commute,5000,4,5.0,3.0,4.0,3.0,4.0,Hero Electric Optima
157,Daily Commute,5000,1,2.0,2.0,2.0,2.0,2.0,Hero Electric Optima
158,Occasional Commute,5000,1,3.0,1.0,2.0,1.0,3.0,Hero Electric Optima
159,Daily Commute,5000,1,1.0,1.0,1.0,1.0,1.0,Hero Electric Optima
161,Daily Commute,5000,1,1.0,1.0,1.0,1.0,1.0,Hero Electric Optima
162,Daily Commute,5000,1,2.0,1.0,1.0,1.0,2.0,Hero Electric Optima
163,Daily Commute,5000,2,3.0,2.0,2.0,1.0,3.0,Hero Electric Optima
164,Daily Commute,5000,1,2.0,1.0,1.0,1.0,1.0,Hero Electric Optima
166,Everything,7500,1,1.0,1.0,1.0,1.0,1.0,Hero Electric Optima
167,Daily Commute,5000,3,5.0,4.0,4.0,5.0,5.0,Hero Electric Optima
168,Leisure Rides,7500,1,1.0,1.0,1.0,1.0,1.0,Hero Electric Optima
169,Daily Commute,5000,1,1.0,1.0,1.0,1.0,1.0,Hero Electric Optima
171,Daily Commute,5000,4,4.0,4.0,4.0,4.0,4.0,Hero Electric Optima
172,Daily Commute,5000,1,4.0,2.0,3.0,1.0,3.0,Hero Electric Optima
173,Daily Commute,5000,1,1.0,1.0,1.0,1.0,1.0,Hero Electric Optima
175,Daily Commute,7500,5,5.0,5.0,5.0,3.0,5.0,Hero Electric Optima
177,Daily Commute,7500,2,5.0,4.0,4.0,4.0,3.0,Hero Electric Optima
178,Daily Commute,12500,2,4.0,1.0,2.0,2.0,3.0,Hero Electric Optima
179,Leisure Rides,5000,5,5.0,5.0,5.0,5.0,4.0,Hero Electric Optima
180,Daily Commute,7500,4,5.0,5.0,5.0,4.0,4.0,Hero Electric Optima
181,Everything,7500,5,5.0,5.0,5.0,5.0,5.0,Hero Electric Optima
182,Daily Commute,5000,5,5.0,5.0,5.0,5.0,5.0,Hero Electric Optima
184,Everything,7500,4,5.0,5.0,5.0,5.0,5.0,Hero Electric Optima
185,Occasional Commute,5000,1,4.0,1.0,2.0,1.0,3.0,Hero Electric Optima
186,Everything,12500,5,5.0,5.0,5.0,5.0,5.0,Hero Electric Optima
187,Everything,5000,4,4.0,5.0,4.0,3.0,4.0,Hero Electric Optima
188,Daily Commute,12500,1,1.0,1.0,1.0,1.0,1.0,Hero Electric Optima
189,Daily Commute,5000,1,1.0,1.0,1.0,1.0,1.0,Hero Electric Optima
190,Daily Commute,5000,5,5.0,5.0,5.0,5.0,5.0,Hero Electric Optima
191,Daily Commute,5000,3,4.0,4.0,4.0,5.0,4.0,Hero Electric Optima
192,Daily Commute,12500,2,3.0,3.0,3.0,1.0,3.0,Hero Electric Optima
193,Daily Commute,5000,5,5.0,5.0,5.0,5.0,5.0,Hero Electric Optima
194,Daily Commute,5000,4,4.0,3.0,3.0,3.0,4.0,Hero Electric Optima
195,Everything,5000,4,5.0,5.0,5.0,4.0,4.0,Hero Electric Optima
196,Daily Commute,5000,4,4.0,4.0,4.0,3.0,4.0,Hero Electric Optima
197,Daily Commute,5000,4,4.0,3.0,3.0,3.0,4.0,Hero Electric Optima
198,Daily Commute,5000,4,5.0,4.0,4.0,5.0,4.0,Hero Electric Optima
199,Daily Commute,5000,3,4.0,4.0,4.0,3.0,4.0,Hero Electric Optima
200,Daily Commute,5000,3,3.0,3.0,3.0,2.0,4.0,Hero Electric Optima
201,Everything,5000,5,5.0,5.0,5.0,5.0,5.0,Hero Electric Optima
202,Everything,7500,4,4.0,4.0,4.0,4.0,4.0,Hero Electric Optima
203,Leisure Rides,5000,4,4.0,4.0,4.0,3.0,3.0,Hero Electric Optima
204,Daily Commute,5000,4,5.0,5.0,5.0,5.0,4.0,Hero Electric Optima
205,Daily Commute,5000,4,5.0,4.0,4.0,4.0,4.0,Hero Electric Optima
208,Occasional Commute,5000,3,5.0,3.0,4.0,4.0,4.0,Hero Electric Optima
211,Daily Commute,5000,3,4.0,4.0,4.0,3.0,4.0,Hero Electric Optima
213,Daily Commute,5000,4,5.0,3.0,4.0,1.0,3.0,Hero Electric Optima
215,Everything,5000,5,5.0,5.0,5.0,5.0,5.0,Hero Electric Optima
216,Daily Commute,5000,4,4.0,4.0,4.0,5.0,5.0,Hero Electric Optima
217,Daily Commute,7500,5,5.0,5.0,5.0,5.0,5.0,Hero Electric Optima
219,Occasional Commute,5000,1,4.0,1.0,2.0,1.0,1.0,Hero Electric Optima
220,Daily Commute,5000,1,3.0,1.0,2.0,2.0,2.0,Hero Electric Optima
221,Daily Commute,12500,3,3.0,2.0,2.0,3.0,4.0,Hero Electric Optima
222,Everything,5000,2,3.0,3.0,3.0,2.0,2.0,Hero Electric Optima
223,Daily Commute,5000,3,3.0,3.0,3.0,3.0,2.0,Hero Electric Optima
229,Everything,5000,5,4.0,4.0,4.0,4.0,5.0,Tork Kratos
231,Daily Commute,7500,5,5.0,5.0,5.0,5.0,5.0,Tork Kratos
236,Daily Commute,5000,1,1.0,1.0,1.0,1.0,1.0,Tork Kratos
243,Everything,7500,5,5.0,5.0,5.0,4.0,4.0,Tork Kratos
244,Everything,5000,4,4.0,4.0,4.0,3.0,3.0,Tork Kratos
245,Everything,7500,4,5.0,4.0,4.0,4.0,5.0,Tork Kratos
251,Daily Commute,5000,5,5.0,5.0,5.0,5.0,5.0,Tork Kratos
253,Daily Commute,7500,4,4.0,4.0,4.0,5.0,5.0,Tork Kratos
263,Occasional Commute,5000,1,3.0,1.0,1.0,1.0,1.0,OLA S1
264,Daily Commute,5000,1,4.0,2.0,3.0,1.0,2.0,OLA S1
267,Everything,5000,4,4.0,5.0,3.0,5.0,4.0,OLA S1
270,Daily Commute,5000,5,5.0,5.0,5.0,5.0,4.0,OLA S1
285,Everything,5000,1,3.0,1.0,3.0,1.0,2.0,OLA S1
286,Daily Commute,5000,1,5.0,1.0,2.0,1.0,2.0,OLA S1
287,Everything,5000,1,3.0,1.0,3.0,1.0,2.0,OLA S1
288,Daily Commute,5000,1,3.0,1.0,1.0,1.0,1.0,OLA S1
289,Daily Commute,5000,1,2.0,1.0,3.0,1.0,1.0,OLA S1
290,Everything,5000,1,1.0,1.0,1.0,1.0,1.0,OLA S1
292,Daily Commute,5000,5,5.0,5.0,5.0,5.0,5.0,Bounce Infinity E1
295,Daily Commute,5000,5,5.0,4.0,4.0,4.0,5.0,Bounce Infinity E1
297,Daily Commute,7500,5,5.0,1.0,3.0,5.0,5.0,Bounce Infinity E1
298,Daily Commute,5000,1,1.0,1.0,1.0,1.0,1.0,Bounce Infinity E1
299,Daily Commute,5000,1,1.0,1.0,1.0,1.0,1.0,Bounce Infinity E1
300,Daily Commute,5000,1,1.0,1.0,1.0,1.0,1.0,Bounce Infinity E1
301,Daily Commute,5000,1,1.0,1.0,1.0,1.0,1.0,Bounce Infinity E1
302,Daily Commute,5000,1,1.0,1.0,1.0,1.0,1.0,Bounce Infinity E1
303,Daily Commute,5000,1,3.0,2.0,2.0,1.0,2.0,Hero Electric Optima CX
304,Everything,5000,5,4.0,5.0,4.0,5.0,5.0,Hero Electric Optima CX
305,Leisure Rides,7500,4,3.0,3.0,3.0,4.0,4.0,Hero Electric Optima CX
306,Everything,5000,5,5.0,5.0,5.0,5.0,5.0,Hero Electric Optima CX
307,Daily Commute,5000,3,4.0,1.0,2.0,1.0,4.0,Hero Electric Optima CX
308,Occasional Commute,5000,5,4.0,5.0,4.0,4.0,4.0,Hero Electric Optima CX
309,Daily Commute,5000,2,2.0,1.0,1.0,1.0,4.0,Hero Electric Optima CX
310,Daily Commute,5000,3,4.0,1.0,2.0,1.0,4.0,Hero Electric Optima CX
311,Everything,5000,4,3.0,4.0,3.0,4.0,4.0,Hero Electric Optima CX
312,Daily Commute,5000,5,5.0,5.0,5.0,4.0,4.0,Hero Electric Flash
313,Daily Commute,5000,3,3.0,3.0,3.0,1.0,1.0,Hero Electric Flash
314,Daily Commute,5000,5,4.0,5.0,4.0,5.0,5.0,Hero Electric Flash
315,Daily Commute,7500,1,2.0,1.0,1.0,1.0,2.0,Hero Electric Flash
316,Daily Commute,5000,5,4.0,4.0,4.0,5.0,4.0,Hero Electric Flash
317,Everything,5000,5,5.0,5.0,5.0,4.0,4.0,Hero Electric Flash
318,Daily Commute,7500,5,5.0,5.0,5.0,4.0,5.0,Hero Electric Flash
319,Daily Commute,5000,5,5.0,5.0,5.0,4.0,4.0,Hero Electric Flash
321,Daily Commute,5000,5,5.0,5.0,5.0,5.0,5.0,Hero Electric Flash
322,Daily Commute,5000,5,5.0,5.0,5.0,4.0,4.0,Hero Electric Flash
323,Daily Commute,7500,1,1.0,1.0,1.0,1.0,1.0,Hero Electric Flash
325,Daily Commute,5000,1,1.0,1.0,1.0,1.0,2.0,Hero Electric Flash
326,Daily Commute,7500,3,3.0,3.0,3.0,3.0,3.0,Hero Electric Flash
328,Daily Commute,5000,5,5.0,5.0,5.0,5.0,5.0,Hero Electric Flash
329,Everything,7500,5,5.0,5.0,5.0,5.0,5.0,Hero Electric Flash
330,Everything,5000,4,3.0,4.0,3.0,3.0,5.0,Hero Electric Flash
331,Daily Commute,5000,4,4.0,4.0,4.0,3.0,4.0,Hero Electric Flash
332,Daily Commute,7500,1,1.0,1.0,1.0,1.0,1.0,Hero Electric Flash
333,Daily Commute,5000,1,1.0,1.0,1.0,1.0,1.0,Hero Electric Flash
334,Daily Commute,7500,1,1.0,1.0,1.0,1.0,1.0,Hero Electric Flash
335,Daily Commute,5000,1,1.0,1.0,1.0,1.0,1.0,Hero Electric Flash
336,Daily Commute,7500,1,1.0,1.0,1.0,1.0,1.0,Hero Electric Flash
337,Everything,5000,5,5.0,5.0,5.0,5.0,5.0,Hero Electric Flash
338,Everything,5000,5,5.0,5.0,5.0,5.0,5.0,Hero Electric Flash
339,Everything,5000,5,5.0,5.0,5.0,5.0,5.0,Hero Electric Flash
340,Occasional Commute,7500,2,3.0,2.0,2.0,1.0,3.0,Hero Electric Flash
341,Daily Commute,5000,5,4.0,5.0,4.0,3.0,4.0,Hero Electric Flash
342,Daily Commute,5000,4,5.0,4.0,4.0,5.0,5.0,Hero Electric Flash
343,Daily Commute,5000,5,5.0,5.0,5.0,5.0,5.0,Hero Electric Flash
344,Daily Commute,5000,1,1.0,1.0,1.0,1.0,1.0,Hero Electric Flash
345,Occasional Commute,5000,4,4.0,4.0,4.0,3.0,4.0,Hero Electric Flash
346,Daily Commute,7500,4,4.0,4.0,4.0,4.0,4.0,Hero Electric Flash
347,Daily Commute,5000,1,3.0,1.0,2.0,1.0,2.0,Hero Electric Flash
348,Daily Commute,7500,4,4.0,5.0,4.0,4.0,5.0,Hero Electric Flash
349,Daily Commute,12500,5,5.0,5.0,5.0,5.0,5.0,Hero Electric Flash
351,Daily Commute,5000,3,4.0,3.0,3.0,3.0,3.0,Hero Electric Flash
353,Daily Commute,5000,1,1.0,1.0,1.0,1.0,1.0,Hero Electric Flash
354,Daily Commute,5000,4,4.0,4.0,4.0,4.0,5.0,Hero Electric Flash
358,Daily Commute,12500,1,1.0,1.0,1.0,1.0,1.0,Hero Electric Flash
359,Everything,5000,1,1.0,1.0,1.0,1.0,1.0,Hero Electric Flash
360,Daily Commute,5000,1,3.0,2.0,2.0,1.0,1.0,Hero Electric Flash
361,Daily Commute,5000,4,4.0,4.0,4.0,4.0,3.0,Hero Electric Flash
362,Daily Commute,5000,4,5.0,5.0,5.0,5.0,4.0,Hero Electric Flash
363,Daily Commute,5000,5,4.0,5.0,4.0,5.0,4.0,Hero Electric Flash
365,Daily Commute,7500,5,5.0,4.0,4.0,5.0,5.0,Hero Electric Flash
367,Daily Commute,5000,5,5.0,4.0,4.0,4.0,4.0,Hero Electric Flash
369,Daily Commute,5000,3,3.0,4.0,3.0,3.0,3.0,Hero Electric Flash
370,Daily Commute,5000,5,5.0,5.0,5.0,5.0,5.0,Hero Electric Flash
371,Daily Commute,5000,4,3.0,3.0,3.0,4.0,3.0,Hero Electric Flash
372,Daily Commute,5000,5,5.0,5.0,5.0,5.0,5.0,Hero Electric Flash
374,Daily Commute,5000,4,4.0,4.0,4.0,3.0,4.0,Hero Electric Flash
377,Everything,5000,5,5.0,5.0,5.0,5.0,5.0,Hero Electric Flash
378,Everything,7500,5,5.0,5.0,5.0,5.0,5.0,Hero Electric Flash
379,Daily Commute,5000,1,2.0,1.0,1.0,1.0,1.0,Hero Electric Flash
381,Daily Commute,12500,3,3.0,3.0,3.0,3.0,3.0,Hero Electric Flash
382,Everything,5000,5,5.0,5.0,5.0,5.0,5.0,Hero Electric Flash
383,Daily Commute,5000,1,3.0,1.0,2.0,3.0,2.0,Hero Electric Flash
385,Daily Commute,5000,5,5.0,5.0,5.0,5.0,5.0,Hero Electric Flash
386,Daily Commute,5000,4,4.0,4.0,4.0,4.0,4.0,Hero Electric Flash
387,Daily Commute,5000,5,5.0,5.0,5.0,5.0,5.0,Hero Electric Flash
388,Everything,5000,4,4.0,4.0,4.0,4.0,4.0,Hero Electric Flash
391,Daily Commute,5000,5,5.0,5.0,5.0,5.0,5.0,Hero Electric Flash
392,Everything,7500,5,4.0,5.0,4.0,5.0,5.0,Hero Electric Flash
395,Daily Commute,12500,5,4.0,5.0,4.0,5.0,5.0,Hero Electric Flash
397,Daily Commute,12500,1,1.0,1.0,1.0,1.0,1.0,Hero Electric Flash
398,Daily Commute,7500,5,4.0,4.0,4.0,3.0,5.0,Hero Electric Flash
399,Everything,5000,4,4.0,3.0,3.0,4.0,4.0,Hero Electric Flash
400,Everything,12500,5,4.0,4.0,4.0,5.0,4.0,Hero Electric Flash
401,Daily Commute,7500,5,5.0,5.0,5.0,5.0,5.0,Hero Electric Flash
404,Daily Commute,7500,4,2.0,3.0,2.0,4.0,2.0,Hero Electric Flash
406,Daily Commute,7500,4,4.0,4.0,4.0,4.0,4.0,Hero Electric Flash
407,Daily Commute,5000,5,5.0,5.0,5.0,3.0,4.0,Hero Electric Flash
408,Everything,7500,5,3.0,4.0,3.0,3.0,4.0,Hero Electric Flash
409,Everything,5000,5,5.0,5.0,5.0,5.0,5.0,Hero Electric Flash
411,Everything,5000,4,4.0,3.0,3.0,3.0,4.0,Hero Electric Flash
412,Daily Commute,7500,5,4.0,5.0,4.0,4.0,5.0,Hero Electric Flash
413,Daily Commute,5000,5,5.0,5.0,5.0,5.0,5.0,Hero Electric Flash
415,Daily Commute,5000,4,4.0,3.0,4.0,3.0,3.0,Ampere Magnus EX
416,Daily Commute,5000,5,4.0,4.0,5.0,5.0,4.0,Ampere Magnus EX
417,Daily Commute,7500,1,3.0,1.0,2.0,3.0,2.0,Ampere Magnus EX
418,Daily Commute,5000,3,4.0,3.0,2.0,3.0,3.0,Ampere Magnus EX
419,Daily Commute,5000,5,5.0,5.0,5.0,4.0,4.0,Ampere Magnus EX
420,Daily Commute,5000,5,4.0,4.0,5.0,4.0,4.0,Ampere Magnus EX
421,Daily Commute,5000,5,5.0,4.0,5.0,5.0,4.0,Ampere Magnus EX
422,Daily Commute,5000,5,5.0,5.0,4.0,5.0,4.0,Ampere Magnus EX
423,Daily Commute,5000,5,4.0,5.0,4.0,3.0,4.0,Ampere Magnus EX
424,Daily Commute,5000,5,5.0,4.0,4.0,4.0,4.0,Ampere Magnus EX
425,Everything,5000,4,4.0,4.0,4.0,4.0,4.0,Ampere Magnus EX
426,Everything,5000,1,3.0,1.0,2.0,1.0,1.0,Ampere Magnus EX
427,Occasional Commute,5000,4,5.0,5.0,5.0,4.0,4.0,Ampere Magnus EX
428,Daily Commute,5000,4,5.0,4.0,3.0,4.0,4.0,Ampere Magnus EX
430,Daily Commute,5000,5,5.0,5.0,5.0,5.0,5.0,Ampere Magnus EX
431,Daily Commute,7500,5,5.0,5.0,5.0,5.0,5.0,Ampere Magnus EX
432,Occasional Commute,5000,4,5.0,3.0,1.0,2.0,2.0,Ampere Magnus EX
433,Daily Commute,5000,4,4.0,4.0,4.0,4.0,4.0,Ampere Magnus EX
434,Daily Commute,5000,5,5.0,4.0,4.0,4.0,4.0,Ampere Magnus EX
435,Daily Commute,5000,4,4.0,4.0,4.0,4.0,4.0,Ampere Magnus EX
436,Daily Commute,7500,1,1.0,1.0,1.0,1.0,1.0,Ampere Magnus EX
437,Daily Commute,7500,3,3.0,3.0,3.0,3.0,3.0,Ampere Magnus EX
438,Occasional Commute,5000,1,1.0,1.0,1.0,1.0,1.0,Ampere Magnus EX
439,Daily Commute,5000,4,4.0,5.0,4.0,4.0,4.0,Ampere Magnus EX
440,Daily Commute,7500,5,5.0,5.0,5.0,5.0,5.0,Ampere Magnus EX
441,Daily Commute,5000,4,4.0,4.0,5.0,4.0,4.0,Ampere Magnus EX
444,Daily Commute,5000,5,4.0,4.0,4.0,4.0,4.0,Revolt RV 300
445,Daily Commute,5000,1,1.0,1.0,1.0,1.0,1.0,Revolt RV 300
446,Everything,5000,1,1.0,1.0,1.0,1.0,1.0,Revolt RV 300
452,Daily Commute,12500,4,5.0,4.0,5.0,4.0,4.0,Hero Electric Photon
453,Daily Commute,5000,5,5.0,5.0,5.0,5.0,5.0,Hero Electric Photon
454,Daily Commute,5000,4,4.0,4.0,4.0,3.0,4.0,Hero Electric Photon
455,Leisure Rides,5000,4,4.0,4.0,5.0,4.0,4.0,Hero Electric Photon
457,Daily Commute,5000,5,4.0,4.0,5.0,5.0,4.0,Hero Electric Photon
458,Daily Commute,5000,3,4.0,4.0,3.0,5.0,4.0,Hero Electric Photon
459,Daily Commute,7500,1,3.0,2.0,1.0,1.0,1.0,Hero Electric Photon
460,Occasional Commute,5000,2,2.0,2.0,2.0,2.0,2.0,Hero Electric Photon
462,Occasional Commute,7500,2,2.0,2.0,2.0,2.0,2.0,Hero Electric Photon
463,Daily Commute,5000,5,5.0,5.0,5.0,5.0,5.0,Hero Electric Photon
464,Everything,5000,3,3.0,3.0,3.0,3.0,3.0,Hero Electric Photon
465,Occasional Commute,5000,5,4.0,4.0,4.0,4.0,5.0,Hero Electric Photon
466,Daily Commute,5000,1,2.0,1.0,1.0,1.0,1.0,Hero Electric Photon
467,Daily Commute,Never owned,4,4.0,4.0,4.0,4.0,4.0,Hero Electric Photon
468,Occasional Commute,5000,1,2.0,1.0,3.0,2.0,2.0,Hero Electric Photon
470,Everything,5000,5,5.0,5.0,5.0,5.0,5.0,Hero Electric Photon
471,Occasional Commute,5000,5,5.0,4.0,4.0,4.0,5.0,Hero Electric Photon
473,Everything,5000,5,5.0,5.0,5.0,5.0,5.0,Hero Electric Photon
474,Daily Commute,12500,1,4.0,3.0,3.0,3.0,3.0,Hero Electric Photon
475,Daily Commute,5000,3,3.0,4.0,3.0,4.0,3.0,Hero Electric Photon
476,Daily Commute,5000,5,5.0,5.0,5.0,5.0,4.0,Hero Electric Photon
477,Daily Commute,12500,4,4.0,3.0,3.0,4.0,5.0,Hero Electric Photon
479,Daily Commute,5000,2,2.0,3.0,2.0,3.0,4.0,Hero Electric Photon
480,Daily Commute,7500,1,4.0,1.0,2.0,1.0,2.0,Hero Electric Photon
481,Daily Commute,5000,2,4.0,3.0,3.0,3.0,4.0,Hero Electric Photon
482,Daily Commute,7500,5,5.0,5.0,5.0,4.0,4.0,Hero Electric Photon
483,Daily Commute,5000,4,4.0,3.0,3.0,3.0,5.0,Hero Electric Photon
484,Daily Commute,7500,1,1.0,1.0,1.0,1.0,4.0,Hero Electric Photon
485,Occasional Commute,5000,5,5.0,5.0,5.0,5.0,5.0,Hero Electric Photon
486,Daily Commute,7500,5,4.0,5.0,4.0,5.0,4.0,Hero Electric Photon
488,Daily Commute,7500,1,3.0,1.0,1.0,2.0,1.0,Hero Electric Photon
489,Daily Commute,5000,2,4.0,4.0,1.0,4.0,3.0,Hero Electric Photon
490,Daily Commute,7500,1,4.0,3.0,3.0,1.0,4.0,Okinawa Praise
491,Daily Commute,5000,3,5.0,3.0,4.0,3.0,3.0,Okinawa Praise
492,Leisure Rides,5000,1,3.0,2.0,3.0,1.0,2.0,Okinawa Praise
493,Daily Commute,7500,3,3.0,3.0,3.0,3.0,3.0,Okinawa Praise
494,Daily Commute,7500,1,2.0,1.0,1.0,1.0,1.0,Okinawa Praise
495,Daily Commute,5000,1,1.0,1.0,1.0,1.0,1.0,Okinawa Praise
497,Daily Commute,5000,1,1.0,1.0,1.0,1.0,1.0,Okinawa Praise
498,Daily Commute,5000,5,5.0,5.0,5.0,5.0,5.0,Okinawa Praise
499,Daily Commute,12500,1,1.0,1.0,1.0,1.0,1.0,Okinawa Praise
500,Daily Commute,12500,1,1.0,1.0,1.0,1.0,1.0,Okinawa Praise
502,Daily Commute,7500,5,5.0,5.0,5.0,5.0,5.0,Okinawa Praise
503,Occasional Commute,5000,5,5.0,5.0,5.0,5.0,5.0,Okinawa Praise
504,Daily Commute,5000,5,5.0,5.0,5.0,5.0,5.0,Okinawa Praise
505,Daily Commute,7500,1,4.0,1.0,2.0,2.0,4.0,Okinawa Praise
506,Daily Commute,7500,1,1.0,1.0,1.0,1.0,1.0,Okinawa Praise
507,Daily Commute,5000,1,1.0,1.0,1.0,1.0,1.0,Okinawa Praise
508,Daily Commute,5000,1,1.0,1.0,1.0,1.0,1.0,Okinawa Praise
509,Daily Commute,5000,1,3.0,1.0,2.0,1.0,1.0,Okinawa Praise
510,Daily Commute,7500,1,3.0,1.0,2.0,1.0,1.0,Okinawa Praise
511,Daily Commute,12500,1,1.0,1.0,1.0,1.0,1.0,Okinawa Praise
512,Daily Commute,5000,1,1.0,1.0,1.0,1.0,1.0,Okinawa Praise
514,Daily Commute,5000,1,1.0,1.0,1.0,1.0,1.0,Okinawa Praise
515,Everything,7500,5,5.0,5.0,5.0,5.0,5.0,Okinawa Praise
516,Daily Commute,7500,1,5.0,3.0,1.0,1.0,2.0,Okinawa Praise
517,Daily Commute,5000,1,1.0,1.0,1.0,1.0,1.0,Okinawa Praise
518,Daily Commute,7500,1,1.0,1.0,1.0,1.0,1.0,Okinawa Praise
519,Daily Commute,7500,5,5.0,5.0,5.0,5.0,5.0,Okinawa Praise
520,Daily Commute,5000,1,1.0,1.0,1.0,1.0,1.0,Okinawa Praise
523,Daily Commute,12500,1,1.0,1.0,1.0,1.0,1.0,Okinawa Praise
524,Daily Commute,5000,1,2.0,1.0,1.0,1.0,1.0,Okinawa Praise
525,Daily Commute,5000,3,4.0,3.0,3.0,2.0,3.0,Okinawa Praise
526,Daily Commute,5000,1,1.0,1.0,1.0,1.0,1.0,Okinawa Praise
527,Daily Commute,7500,1,5.0,1.0,1.0,1.0,2.0,Okinawa Praise
529,Daily Commute,7500,1,2.0,1.0,1.0,1.0,1.0,Okinawa Praise
530,Daily Commute,12500,1,1.0,1.0,1.0,1.0,1.0,Okinawa Praise
531,Daily Commute,5000,1,1.0,1.0,1.0,1.0,1.0,Okinawa Praise
533,Daily Commute,5000,5,4.0,3.0,3.0,3.0,4.0,Okinawa Praise
534,Everything,5000,5,5.0,5.0,5.0,5.0,5.0,Okinawa Praise
535,Everything,5000,5,5.0,2.0,3.0,4.0,4.0,Okinawa Praise
536,Daily Commute,5000,1,4.0,1.0,2.0,1.0,3.0,Okinawa Praise
538,Everything,5000,5,5.0,5.0,5.0,5.0,5.0,Okinawa Praise
539,Daily Commute,5000,2,4.0,5.0,4.0,2.0,2.0,Okinawa Praise
540,Daily Commute,5000,5,5.0,5.0,5.0,5.0,5.0,Okinawa Praise
543,Occasional Commute,5000,3,4.0,5.0,4.0,4.0,4.0,Okinawa Praise
544,Daily Commute,5000,5,5.0,5.0,5.0,5.0,5.0,Okinawa Praise
545,Occasional Commute,5000,5,5.0,5.0,5.0,5.0,5.0,Okinawa Praise
548,Daily Commute,5000,1,1.0,1.0,1.0,1.0,1.0,Okinawa Praise
549,Daily Commute,5000,5,5.0,5.0,5.0,5.0,5.0,Okinawa Praise
551,Daily Commute,5000,3,4.0,2.0,3.0,2.0,3.0,Okinawa Praise
554,Everything,5000,5,5.0,3.0,4.0,3.0,4.0,Okinawa Praise
555,Everything,5000,1,3.0,1.0,2.0,1.0,1.0,Okinawa Praise
556,Everything,5000,5,5.0,5.0,5.0,5.0,5.0,Okinawa Praise
557,Daily Commute,7500,1,3.0,1.0,2.0,1.0,2.0,Okinawa Praise
559,Daily Commute,5000,1,1.0,1.0,1.0,1.0,1.0,Okinawa Praise
560,Daily Commute,5000,1,2.0,1.0,1.0,1.0,1.0,Okinawa Praise
561,Daily Commute,7500,1,1.0,1.0,1.0,1.0,1.0,Okinawa Praise
562,Daily Commute,5000,2,3.0,2.0,2.0,4.0,2.0,Okinawa Praise
565,Daily Commute,5000,3,5.0,1.0,3.0,1.0,3.0,Okinawa Praise
566,Daily Commute,5000,1,1.0,1.0,1.0,2.0,1.0,Okinawa Praise
567,Daily Commute,7500,5,5.0,5.0,5.0,5.0,5.0,Okinawa Praise
568,Daily Commute,5000,1,4.0,3.0,3.0,5.0,1.0,Okinawa Praise
569,Daily Commute,5000,5,5.0,5.0,5.0,5.0,5.0,Okinawa Praise
570,Daily Commute,5000,4,4.0,4.0,4.0,1.0,3.0,Okinawa Praise
572,Occasional Commute,5000,1,1.0,2.0,1.0,1.0,3.0,Okinawa Praise
573,Daily Commute,5000,1,2.0,1.0,1.0,1.0,1.0,Okinawa Praise
574,Everything,7500,1,4.0,2.0,1.0,1.0,2.0,Okinawa Praise
576,Daily Commute,12500,3,3.0,3.0,3.0,3.0,3.0,Okinawa Praise
578,Daily Commute,5000,1,1.0,1.0,1.0,1.0,1.0,Okinawa Praise
579,Everything,7500,1,1.0,1.0,1.0,1.0,1.0,Okinawa Praise
580,Occasional Commute,7500,5,5.0,5.0,5.0,5.0,5.0,Okinawa Praise
581,Daily Commute,7500,2,1.0,1.0,1.0,2.0,2.0,Okinawa Praise
582,Occasional Commute,5000,1,3.0,1.0,1.0,1.0,1.0,Okinawa Praise
585,Daily Commute,5000,1,4.0,1.0,3.0,2.0,2.0,Benling Aura
587,Daily Commute,5000,1,4.0,2.0,3.0,2.0,2.0,Benling Aura
589,Daily Commute,12500,5,5.0,5.0,5.0,5.0,5.0,Benling Aura
590,Daily Commute,7500,5,5.0,5.0,5.0,5.0,5.0,Benling Aura
591,Everything,7500,5,5.0,5.0,5.0,4.0,4.0,Benling Aura
592,Everything,7500,3,3.0,2.0,3.0,1.0,2.0,Benling Aura
593,Daily Commute,5000,1,4.0,1.0,3.0,1.0,2.0,Benling Aura
594,Daily Commute,5000,5,4.0,4.0,4.0,5.0,4.0,Benling Aura
595,Daily Commute,12500,1,3.0,1.0,2.0,1.0,1.0,Benling Aura
597,Everything,5000,1,1.0,1.0,1.0,1.0,1.0,Benling Aura
598,Daily Commute,5000,3,3.0,3.0,3.0,3.0,3.0,Benling Aura
600,Everything,5000,5,5.0,5.0,5.0,3.0,4.0,Benling Aura
601,Daily Commute,5000,1,1.0,1.0,3.0,1.0,1.0,Benling Aura
602,Daily Commute,12500,5,5.0,5.0,5.0,5.0,5.0,Benling Aura
603,Daily Commute,7500,2,3.0,2.0,3.0,2.0,2.0,Benling Aura
604,Daily Commute,5000,5,3.0,3.0,3.0,3.0,3.0,Benling Aura
605,Daily Commute,5000,1,1.0,1.0,1.0,1.0,1.0,Benling Aura
606,Daily Commute,7500,3,3.0,4.0,4.0,1.0,3.0,Benling Aura
607,Daily Commute,5000,3,4.0,3.0,3.0,3.0,3.0,Ampere Magnus Pro
608,Daily Commute,7500,1,1.0,4.0,1.0,1.0,1.0,Ampere Magnus Pro
609,Everything,5000,1,1.0,1.0,1.0,1.0,1.0,Ampere Magnus Pro
610,Everything,5000,1,1.0,1.0,1.0,1.0,1.0,Ampere Magnus Pro
611,Daily Commute,5000,3,3.0,3.0,3.0,3.0,3.0,Ampere Magnus Pro
612,Daily Commute,5000,5,5.0,4.0,5.0,5.0,4.0,Ampere Magnus Pro
613,Daily Commute,5000,5,5.0,5.0,4.0,5.0,4.0,Ampere Magnus Pro
614,Daily Commute,5000,1,1.0,1.0,1.0,1.0,1.0,Ampere Magnus Pro
615,Daily Commute,5000,1,1.0,1.0,1.0,1.0,1.0,Ampere Magnus Pro
616,Daily Commute,7500,5,5.0,5.0,5.0,5.0,5.0,Ampere Magnus Pro
617,Daily Commute,5000,5,5.0,5.0,5.0,5.0,5.0,Ampere Magnus Pro
618,Daily Commute,5000,5,5.0,5.0,5.0,5.0,5.0,Ampere Magnus Pro
619,Daily Commute,5000,5,5.0,5.0,5.0,1.0,4.0,Ampere Magnus Pro
621,Daily Commute,5000,5,5.0,5.0,4.0,5.0,4.0,Ampere Magnus Pro
622,Daily Commute,5000,4,5.0,5.0,4.0,4.0,4.0,Ampere Magnus Pro
624,Daily Commute,5000,1,1.0,1.0,1.0,1.0,1.0,Ampere Magnus Pro
625,Daily Commute,7500,5,5.0,5.0,4.0,5.0,4.0,Ampere Magnus Pro
626,Everything,5000,1,1.0,1.0,1.0,1.0,1.0,Ampere Magnus Pro
627,Daily Commute,5000,1,3.0,2.0,2.0,2.0,2.0,Ampere Magnus Pro
628,Daily Commute,7500,1,2.0,4.0,4.0,1.0,2.0,Ampere Magnus Pro
629,Daily Commute,7500,1,1.0,1.0,2.0,2.0,1.0,PURE EV EPluto 7G
630,Daily Commute,5000,2,2.0,2.0,2.0,2.0,2.0,PURE EV EPluto 7G
631,Daily Commute,7500,4,4.0,3.0,4.0,4.0,3.0,PURE EV EPluto 7G
632,Daily Commute,5000,1,1.0,1.0,1.0,1.0,1.0,PURE EV EPluto 7G
634,Daily Commute,5000,4,4.0,4.0,4.0,4.0,4.0,PURE EV EPluto 7G
635,Everything,5000,1,1.0,1.0,1.0,1.0,1.0,PURE EV EPluto 7G
636,Daily Commute,5000,1,1.0,1.0,1.0,1.0,1.0,PURE EV EPluto 7G
637,Everything,5000,1,4.0,3.0,2.0,1.0,2.0,PURE EV EPluto 7G
639,Everything,7500,5,5.0,5.0,5.0,5.0,5.0,PURE EV EPluto 7G
640,Daily Commute,5000,1,1.0,1.0,1.0,1.0,1.0,PURE EV EPluto 7G
641,Daily Commute,5000,1,5.0,1.0,1.0,1.0,2.0,PURE EV EPluto 7G
643,Daily Commute,5000,1,3.0,1.0,2.0,1.0,1.0,PURE EV EPluto 7G
644,Daily Commute,7500,1,4.0,3.0,2.0,1.0,2.0,PURE EV EPluto 7G
645,Daily Commute,5000,3,5.0,5.0,4.0,4.0,4.0,PURE EV EPluto 7G
646,Daily Commute,5000,5,5.0,5.0,5.0,5.0,5.0,PURE EV EPluto 7G
647,Daily Commute,5000,5,5.0,5.0,4.0,4.0,4.0,PURE EV EPluto 7G
648,Daily Commute,5000,5,4.0,4.0,5.0,4.0,4.0,PURE EV EPluto 7G
649,Daily Commute,5000,5,5.0,5.0,5.0,5.0,5.0,PURE EV EPluto 7G
650,Daily Commute,5000,4,5.0,5.0,4.0,4.0,4.0,PURE EV EPluto 7G
651,Daily Commute,5000,5,5.0,5.0,4.0,4.0,4.0,PURE EV EPluto 7G
652,Everything,7500,5,4.0,4.0,4.0,4.0,4.0,PURE EV EPluto 7G
653,Daily Commute,5000,5,5.0,5.0,5.0,5.0,5.0,PURE EV EPluto 7G
654,Daily Commute,5000,4,4.0,4.0,4.0,4.0,4.0,PURE EV EPluto 7G
655,Everything,7500,5,5.0,5.0,5.0,5.0,5.0,PURE EV EPluto 7G
656,Daily Commute,5000,1,3.0,2.0,2.0,1.0,2.0,PURE EV EPluto 7G
657,Daily Commute,5000,2,3.0,1.0,1.0,2.0,1.0,PURE EV EPluto 7G
659,Daily Commute,7500,1,1.0,1.0,1.0,1.0,1.0,PURE EV EPluto 7G
660,Daily Commute,12500,1,3.0,3.0,3.0,3.0,3.0,PURE EV EPluto 7G
661,Daily Commute,5000,2,2.0,2.0,2.0,2.0,2.0,PURE EV EPluto 7G
662,Daily Commute,5000,1,1.0,1.0,3.0,1.0,1.0,PURE EV EPluto 7G
663,Daily Commute,7500,1,1.0,1.0,1.0,1.0,1.0,PURE EV EPluto 7G
664,Daily Commute,5000,4,4.0,4.0,4.0,4.0,4.0,PURE EV EPluto 7G
666,Everything,7500,1,1.0,1.0,1.0,2.0,1.0,PURE EV EPluto 7G
667,Daily Commute,5000,4,4.0,4.0,5.0,5.0,4.0,PURE EV EPluto 7G
668,Daily Commute,5000,1,1.0,1.0,2.0,1.0,1.0,PURE EV EPluto 7G
669,Daily Commute,5000,2,3.0,2.0,3.0,2.0,2.0,PURE EV EPluto 7G
670,Daily Commute,5000,1,1.0,1.0,1.0,1.0,1.0,PURE EV EPluto 7G
671,Daily Commute,5000,2,3.0,3.0,3.0,2.0,2.0,PURE EV EPluto 7G
672,Daily Commute,5000,1,1.0,1.0,1.0,1.0,1.0,PURE EV EPluto 7G
673,Daily Commute,7500,1,1.0,1.0,1.0,1.0,1.0,PURE EV EPluto 7G
674,Daily Commute,5000,5,5.0,5.0,5.0,5.0,5.0,PURE EV EPluto 7G
675,Daily Commute,5000,5,5.0,5.0,5.0,5.0,5.0,PURE EV EPluto 7G
677,Daily Commute,5000,1,3.0,2.0,2.0,2.0,2.0,PURE EV EPluto 7G
678,Daily Commute,5000,2,2.0,2.0,2.0,2.0,2.0,PURE EV EPluto 7G
679,Daily Commute,5000,1,2.0,1.0,1.0,1.0,3.0,Ampere REO
680,Daily Commute,5000,1,1.0,1.0,1.0,1.0,1.0,Ampere REO
681,Daily Commute,5000,5,4.0,3.0,3.0,3.0,3.0,Ampere REO
682,Everything,5000,1,1.0,2.0,1.0,1.0,2.0,Ampere REO
683,Daily Commute,5000,1,1.0,1.0,1.0,1.0,1.0,Ampere REO
685,Daily Commute,7500,4,4.0,3.0,3.0,3.0,4.0,Ampere REO
686,Occasional Commute,5000,5,4.0,4.0,4.0,5.0,3.0,Ampere REO
687,Daily Commute,5000,2,4.0,4.0,4.0,1.0,4.0,Ampere REO
688,Daily Commute,5000,1,1.0,1.0,1.0,1.0,1.0,Ampere REO
689,Daily Commute,5000,3,3.0,2.0,2.0,3.0,3.0,Ampere REO
690,Daily Commute,7500,3,3.0,3.0,3.0,3.0,3.0,Ampere REO
691,Daily Commute,5000,4,4.0,4.0,4.0,4.0,3.0,Ampere REO
692,Daily Commute,5000,3,4.0,3.0,3.0,3.0,3.0,Ampere REO
693,Daily Commute,7500,5,4.0,5.0,4.0,4.0,5.0,Ampere REO
697,Daily Commute,5000,1,4.0,2.0,3.0,1.0,3.0,Ampere REO
698,Daily Commute,5000,1,2.0,2.0,2.0,1.0,1.0,Ampere REO
699,Daily Commute,5000,1,2.0,1.0,1.0,1.0,2.0,Ampere REO
700,Occasional Commute,5000,1,3.0,3.0,3.0,1.0,3.0,Ampere REO
701,Daily Commute,7500,5,5.0,5.0,5.0,5.0,5.0,Ampere REO
702,Occasional Commute,5000,1,2.0,1.0,1.0,1.0,1.0,Ampere REO
703,Everything,5000,5,5.0,5.0,5.0,5.0,5.0,Odysse Evoqis
705,Everything,7500,5,5.0,4.0,5.0,5.0,5.0,Odysse Evoqis
706,Daily Commute,7500,5,5.0,5.0,5.0,5.0,5.0,Hero Electric NYX HX
707,Daily Commute,5000,5,5.0,5.0,5.0,5.0,5.0,Hero Electric NYX HX
708,Daily Commute,5000,4,4.0,4.0,4.0,3.0,5.0,Okinawa i-Praise
709,Daily Commute,5000,4,5.0,4.0,4.0,3.0,4.0,Okinawa i-Praise
710,Daily Commute,5000,3,5.0,3.0,4.0,1.0,4.0,Okinawa i-Praise
711,Daily Commute,5000,1,4.0,2.0,3.0,1.0,2.0,Okinawa i-Praise
712,Daily Commute,7500,1,5.0,1.0,1.0,4.0,4.0,Okinawa i-Praise
713,Daily Commute,7500,5,5.0,5.0,5.0,5.0,5.0,Okinawa i-Praise
714,Occasional Commute,7500,5,5.0,4.0,5.0,5.0,5.0,Okinawa i-Praise
718,Daily Commute,5000,1,1.0,1.0,1.0,1.0,1.0,Okinawa i-Praise
719,Daily Commute,5000,5,4.0,4.0,4.0,3.0,4.0,Joy e-bike Monster
720,Occasional Commute,5000,1,1.0,1.0,1.0,1.0,1.0,Joy e-bike Monster
721,Daily Commute,5000,3,4.0,3.0,4.0,3.0,3.0,PURE EV ETrance Neo
722,Daily Commute,5000,3,3.0,3.0,3.0,3.0,3.0,PURE EV ETrance Neo
723,Daily Commute,5000,3,5.0,3.0,4.0,4.0,3.0,PURE EV ETrance Neo
724,Daily Commute,5000,1,1.0,1.0,3.0,1.0,1.0,PURE EV ETrance Neo
725,Everything,5000,4,5.0,4.0,5.0,3.0,4.0,PURE EV ETrance Neo
726,Daily Commute,5000,3,5.0,5.0,5.0,5.0,5.0,PURE EV ETrance Neo
727,Daily Commute,5000,1,2.0,2.0,2.0,1.0,1.0,PURE EV ETrance Neo
728,Daily Commute,5000,4,5.0,4.0,5.0,5.0,4.0,PURE EV ETrance Neo
729,Everything,5000,5,5.0,5.0,5.0,5.0,5.0,PURE EV ETrance Neo
730,Daily Commute,5000,3,4.0,3.0,3.0,3.0,2.0,PURE EV ETrance Neo
731,Daily Commute,5000,4,4.0,4.0,4.0,4.0,4.0,PURE EV ETrance Neo
732,Daily Commute,5000,4,4.0,5.0,4.0,4.0,4.0,PURE EV ETrance Neo
734,Daily Commute,5000,5,5.0,4.0,5.0,4.0,4.0,PURE EV ETrance Neo
735,Daily Commute,5000,5,5.0,5.0,5.0,5.0,5.0,PURE EV ETrance Neo
736,Daily Commute,5000,4,3.0,3.0,3.0,2.0,4.0,PURE EV ETrance Neo
737,Daily Commute,5000,4,4.0,4.0,4.0,4.0,4.0,PURE EV ETrance Neo
738,Daily Commute,5000,5,5.0,4.0,4.0,4.0,4.0,PURE EV ETrance Neo
739,Daily Commute,7500,3,3.0,2.0,2.0,3.0,3.0,PURE EV ETrance Neo
740,Everything,5000,5,5.0,5.0,5.0,5.0,5.0,Evolet Polo
742,Daily Commute,5000,5,4.0,4.0,4.0,5.0,4.0,Okinawa Ridge Plus
743,Daily Commute,5000,2,5.0,1.0,3.0,3.0,3.0,Okinawa Ridge Plus
745,Daily Commute,7500,4,3.0,3.0,3.0,3.0,3.0,Okinawa Ridge Plus
746,Daily Commute,7500,5,5.0,5.0,5.0,4.0,5.0,Okinawa Ridge Plus
748,Daily Commute,5000,1,1.0,1.0,1.0,1.0,1.0,Okinawa Ridge Plus
749,Daily Commute,5000,2,3.0,3.0,3.0,3.0,2.0,Okinawa Ridge Plus
751,Daily Commute,5000,5,5.0,4.0,4.0,5.0,5.0,Okinawa Ridge Plus
752,Daily Commute,5000,3,4.0,3.0,3.0,3.0,4.0,Okinawa Ridge Plus
753,Daily Commute,5000,3,5.0,3.0,4.0,4.0,4.0,Okinawa Ridge Plus
754,Daily Commute,7500,2,4.0,2.0,3.0,2.0,2.0,Okinawa Ridge Plus
756,Daily Commute,5000,1,1.0,1.0,1.0,1.0,1.0,Okinawa Ridge Plus
757,Daily Commute,5000,4,5.0,5.0,5.0,5.0,3.0,Ampere Zeal
758,Everything,5000,5,5.0,5.0,5.0,5.0,5.0,Ampere Zeal
759,Daily Commute,5000,2,4.0,4.0,2.0,1.0,2.0,Ampere Zeal
760,Daily Commute,5000,2,2.0,2.0,3.0,2.0,2.0,Ampere Zeal
761,Daily Commute,7500,1,3.0,1.0,1.0,1.0,1.0,Ampere Zeal
762,Daily Commute,5000,1,1.0,1.0,1.0,1.0,1.0,Ampere Zeal
763,Daily Commute,5000,5,5.0,5.0,5.0,5.0,5.0,Ampere Zeal
764,Daily Commute,12500,5,5.0,5.0,5.0,5.0,5.0,Ampere Zeal
765,Daily Commute,7500,5,5.0,5.0,5.0,5.0,5.0,Ampere Zeal
766,Everything,5000,3,3.0,2.0,4.0,3.0,3.0,Ampere Zeal
767,Daily Commute,7500,1,3.0,1.0,2.0,1.0,1.0,Ampere Zeal
768,Everything,7500,1,2.0,1.0,1.0,1.0,1.0,Ampere Zeal
770,Daily Commute,5000,4,4.0,4.0,4.0,5.0,5.0,Hero Electric Atria
771,Daily Commute,7500,4,3.0,3.0,3.0,1.0,4.0,Hero Electric Atria
772,Daily Commute,5000,5,5.0,4.0,4.0,3.0,4.0,Hero Electric Atria
773,Daily Commute,5000,5,5.0,5.0,5.0,5.0,5.0,Okinawa Lite
774,Occasional Commute,5000,3,3.0,2.0,2.0,3.0,3.0,Okinawa Lite
775,Daily Commute,5000,4,4.0,3.0,3.0,4.0,5.0,Okinawa Lite
776,Daily Commute,5000,5,5.0,5.0,5.0,5.0,5.0,Okinawa Lite
777,Occasional Commute,5000,2,3.0,1.0,2.0,1.0,3.0,Okinawa Lite
778,Daily Commute,12500,5,5.0,5.0,5.0,5.0,5.0,Okinawa Lite
779,Daily Commute,7500,5,5.0,5.0,4.0,5.0,4.0,Okinawa Lite
780,Daily Commute,5000,1,5.0,1.0,3.0,1.0,2.0,Okinawa Lite
781,Daily Commute,5000,4,4.0,4.0,4.0,4.0,5.0,Hero Electric NYX
782,Daily Commute,7500,1,1.0,1.0,1.0,1.0,1.0,Hero Electric NYX
784,Daily Commute,5000,1,3.0,1.0,2.0,2.0,1.0,Hero Electric NYX
785,Occasional Commute,5000,1,5.0,1.0,3.0,1.0,2.0,Hero Electric NYX
786,Daily Commute,7500,1,1.0,1.0,1.0,1.0,1.0,Hero Electric NYX
787,Daily Commute,5000,1,3.0,1.0,2.0,1.0,3.0,Hero Electric NYX
788,Daily Commute,7500,4,4.0,4.0,5.0,4.0,4.0,Hero Electric NYX
789,Occasional Commute,5000,5,5.0,5.0,5.0,5.0,5.0,Hero Electric NYX
791,Daily Commute,5000,5,3.0,4.0,3.0,4.0,4.0,Okinawa R30
792,Occasional Commute,5000,2,4.0,4.0,4.0,3.0,3.0,Okinawa R30
793,Daily Commute,5000,4,4.0,4.0,4.0,5.0,4.0,Okinawa R30
795,Leisure Rides,5000,4,4.0,4.0,4.0,4.0,5.0,Okinawa R30
796,Daily Commute,5000,5,5.0,5.0,5.0,5.0,5.0,Okinawa R30
797,Daily Commute,7500,1,4.0,1.0,3.0,1.0,2.0,Okinawa R30
798,Daily Commute,5000,5,5.0,5.0,5.0,5.0,4.0,Yo Drift
799,Daily Commute,5000,1,1.0,1.0,1.0,1.0,1.0,Yo Drift
800,Leisure Rides,5000,5,5.0,5.0,5.0,5.0,5.0,Yo Drift
801,Daily Commute,7500,4,4.0,3.0,3.0,4.0,4.0,Yo Drift
802,Daily Commute,5000,3,3.0,2.0,2.0,3.0,3.0,Yo Drift
803,Daily Commute,5000,4,4.0,4.0,4.0,4.0,4.0,BGauss B8
804,Daily Commute,5000,1,1.0,1.0,1.0,1.0,1.0,BGauss B8
805,Daily Commute,5000,2,2.0,2.0,2.0,2.0,2.0,BGauss B8
806,Daily Commute,5000,5,5.0,5.0,5.0,5.0,5.0,BGauss B8
807,Daily Commute,7500,1,3.0,1.0,2.0,1.0,1.0,Joy e-bike Wolf
808,Daily Commute,5000,5,5.0,5.0,5.0,4.0,4.0,Joy e-bike Wolf
809,Daily Commute,7500,1,3.0,1.0,2.0,1.0,1.0,Joy e-bike Wolf
810,Daily Commute,5000,1,5.0,2.0,3.0,1.0,2.0,Joy e-bike Wolf
811,Daily Commute,5000,1,2.0,1.0,1.0,1.0,2.0,Joy e-bike Wolf
812,Everything,12500,5,4.0,5.0,5.0,5.0,4.0,Gemopai Astrid Lite
813,Daily Commute,5000,5,5.0,4.0,4.0,5.0,4.0,Gemopai Astrid Lite
814,Daily Commute,7500,5,5.0,4.0,5.0,4.0,4.0,Gemopai Astrid Lite
815,Daily Commute,7500,5,3.0,4.0,3.0,5.0,4.0,Techo Electra Emerge
816,Occasional Commute,5000,1,2.0,1.0,1.0,1.0,2.0,Techo Electra Emerge
817,Occasional Commute,5000,1,1.0,1.0,1.0,1.0,2.0,Techo Electra Emerge
818,Daily Commute,7500,5,5.0,5.0,5.0,5.0,5.0,Techo Electra Emerge
819,Daily Commute,5000,5,5.0,5.0,5.0,4.0,4.0,Techo Electra Emerge
820,Daily Commute,5000,5,4.0,5.0,5.0,5.0,4.0,Techo Electra Emerge
821,Daily Commute,7500,4,5.0,5.0,5.0,5.0,5.0,Techo Electra Emerge
822,Daily Commute,12500,5,5.0,5.0,5.0,5.0,5.0,Techo Electra Emerge
823,Daily Commute,5000,5,5.0,5.0,5.0,5.0,5.0,Techo Electra Emerge
824,Occasional Commute,5000,1,1.0,1.0,1.0,1.0,1.0,Techo Electra Emerge
825,Occasional Commute,5000,5,4.0,4.0,4.0,5.0,4.0,Techo Electra Raptor
826,Occasional Commute,7500,5,5.0,5.0,5.0,5.0,5.0,Techo Electra Raptor
827,Occasional Commute,5000,1,3.0,1.0,2.0,1.0,2.0,Techo Electra Raptor
828,Daily Commute,5000,5,5.0,4.0,4.0,4.0,4.0,Techo Electra Raptor
829,Daily Commute,7500,1,3.0,1.0,2.0,1.0,1.0,Techo Electra Raptor
830,Daily Commute,5000,3,4.0,1.0,2.0,1.0,3.0,Techo Electra Raptor
831,Daily Commute,7500,5,5.0,5.0,5.0,5.0,5.0,Techo Electra Raptor
832,Daily Commute,7500,4,5.0,3.0,4.0,2.0,3.0,Techo Electra Raptor
833,Daily Commute,7500,4,4.0,4.0,4.0,4.0,4.0,Techo Electra Raptor
834,Daily Commute,5000,1,3.0,1.0,2.0,1.0,1.0,e-bike Gen Nxt
835,Daily Commute,5000,4,5.0,5.0,5.0,4.0,4.0,e-bike Gen Nxt
836,Daily Commute,5000,5,3.0,5.0,4.0,2.0,4.0,e-bike Gen Nxt
839,Daily Commute,5000,2,2.0,2.0,2.0,2.0,2.0,Gemopai Ryder
840,Everything,5000,5,5.0,5.0,5.0,5.0,5.0,Gemopai Ryder
841,Daily Commute,7500,2,2.0,2.0,4.0,2.0,2.0,Gemopai Ryder
842,Daily Commute,5000,5,4.0,4.0,4.0,5.0,4.0,Gemopai Ryder
